driverId,driver_number,dob,nationality
1,44,1/7/1985,British
2,\N,5/10/1977,German
3,6,6/27/1985,German
4,14,7/29/1981,Spanish
5,\N,10/19/1981,Finnish
6,\N,1/11/1985,Japanese
7,\N,2/28/1979,French
8,7,10/17/1979,Finnish
9,88,12/7/1984,Polish
10,\N,3/18/1982,German
11,\N,1/28/1977,Japanese
12,\N,7/25/1985,Brazilian
13,19,4/25/1981,Brazilian
14,\N,3/27/1971,British
15,\N,7/13/1974,Italian
16,99,1/11/1983,German
17,\N,8/27/1976,Australian
18,22,1/19/1980,British
19,\N,4/18/1979,British
20,5,7/3/1987,German
21,\N,1/14/1973,Italian
22,\N,5/23/1972,Brazilian
23,\N,6/30/1975,German
24,\N,8/6/1980,Italian
25,\N,2/15/1974,Austrian
26,\N,1/24/1983,American
27,\N,4/16/1979,Dutch
28,\N,6/13/1980,German
29,\N,7/9/1982,Japanese
30,\N,1/3/1969,German
31,\N,9/20/1975,Colombian
32,\N,2/7/1983,Austrian
33,\N,7/24/1976,Portuguese
34,\N,1/21/1975,Japanese
35,\N,4/9/1971,Canadian
36,\N,1/5/1978,French
37,\N,2/24/1971,Spanish
38,\N,9/23/1981,Dutch
39,\N,1/14/1977,Indian
40,\N,9/26/1980,Austrian
41,\N,3/23/1976,Brazilian
42,\N,9/11/1980,Brazilian
43,\N,9/19/1973,Brazilian
44,\N,9/2/1966,French
45,\N,2/4/1979,Italian
46,\N,5/30/1981,Italian
47,\N,1/1/1981,Hungarian
48,\N,3/29/1974,Spanish
49,\N,5/18/1967,German
50,\N,3/4/1972,Dutch
51,\N,7/31/1978,British
52,\N,5/20/1975,Irish
53,\N,3/3/1978,Danish
54,\N,3/5/1975,Brazilian
55,\N,6/11/1964,French
56,\N,11/10/1965,British
57,\N,9/28/1968,Finnish
58,\N,1/19/1976,Brazilian
59,\N,10/19/1978,Brazilian
60,\N,5/8/1975,Argentine
61,\N,9/11/1976,Czech
62,\N,7/20/1976,Malaysian
63,\N,11/30/1966,Finnish
64,\N,5/22/1970,Brazilian
65,\N,6/25/1964,British
66,\N,12/29/1969,British
67,\N,10/31/1988,Swiss
68,\N,2/12/1974,Japanese
69,\N,1/25/1971,Italian
70,\N,10/23/1966,Italian
71,\N,9/17/1960,British
72,\N,11/2/1975,French
73,\N,7/27/1968,Brazilian
74,\N,4/22/1978,Argentine
75,\N,4/1/1971,Japanese
76,\N,7/4/1973,Danish
77,\N,8/27/1959,Austrian
78,\N,3/19/1964,Italian
79,\N,5/29/1963,Japanese
80,\N,10/7/1966,Italian
81,\N,1/13/1968,Italian
82,\N,1/20/1975,Argentine
83,\N,3/20/1972,Portuguese
84,\N,6/1/1959,British
85,\N,5/30/1964,Italian
86,\N,2/18/1958,Italian
87,\N,4/8/1966,British
88,\N,9/8/1960,Japanese
89,\N,9/5/1963,Japanese
90,\N,2/11/1959,Brazilian
91,\N,12/20/1968,Austrian
92,\N,12/23/1962,Belgian
93,\N,11/17/1967,Italian
94,\N,4/23/1961,Italian
95,\N,8/8/1953,British
96,\N,12/27/1969,French
97,\N,10/3/1969,Italian
98,\N,10/1/1963,Swiss
99,\N,3/2/1962,Italian
100,\N,9/28/1963,French
101,\N,9/5/1965,Australian
102,\N,3/21/1960,Brazilian
103,\N,8/24/1964,French
104,\N,1/18/1971,Brazilian
105,\N,12/23/1956,Italian
106,\N,11/23/1969,Monegasque
107,\N,7/4/1960,Austrian
108,\N,4/23/1963,French
109,\N,1/31/1966,Finnish
110,\N,5/31/1959,Italian
111,\N,1/1/1963,French
112,\N,7/27/1954,French
113,\N,11/19/1969,Belgian
114,\N,7/28/1961,French
115,\N,3/7/1969,Japanese
116,\N,9/1/1968,French
117,\N,2/24/1955,French
118,\N,8/27/1954,British
119,\N,4/17/1954,Italian
120,\N,4/2/1963,Italian
121,\N,10/5/1962,American
122,\N,5/24/1963,Italian
123,\N,7/13/1957,Belgian
124,\N,10/7/1965,Italian
125,\N,2/24/1968,Italian
126,\N,3/10/1955,Japanese
127,\N,4/20/1963,Brazilian
128,\N,9/30/1961,Belgian
129,\N,9/2/1958,French
130,\N,5/6/1964,Swiss
131,\N,5/12/1963,Italian
132,\N,7/20/1959,Italian
133,\N,3/18/1964,Italian
134,\N,9/19/1964,Italian
135,\N,3/3/1961,British
136,\N,6/2/1956,Dutch
137,\N,8/17/1952,Brazilian
138,\N,2/23/1953,Japanese
139,\N,1/12/1962,Italian
140,\N,9/8/1956,Swedish
141,\N,10/9/1961,British
142,\N,2/27/1965,Portuguese
143,\N,3/8/1968,German
144,\N,6/13/1966,Japanese
145,\N,7/7/1959,Italian
146,\N,7/20/1964,German
147,\N,4/20/1961,Italian
148,\N,3/27/1965,Swiss
149,\N,7/20/1960,Italian
150,\N,3/29/1961,Australian
151,\N,3/26/1964,British
152,\N,9/10/1952,Italian
153,\N,3/23/1990,Spanish
154,8,4/17/1986,French
155,10,9/13/1986,Japanese
156,\N,11/7/1956,British
157,\N,4/4/1958,German
158,\N,1/10/1958,American
159,\N,5/15/1959,Spanish
160,\N,1/16/1952,Italian
161,\N,3/18/1962,German
162,\N,5/27/1961,French
163,\N,7/4/1948,French
164,\N,10/24/1960,German
165,\N,8/19/1954,Argentine
166,\N,6/26/1955,French
167,\N,6/17/1960,Spanish
168,\N,9/12/1948,French
169,\N,1/9/1960,French
170,\N,3/9/1955,Italian
171,\N,9/22/1958,Swiss
172,\N,11/21/1943,French
173,\N,3/26/1958,Italian
174,\N,4/26/1958,British
175,\N,6/25/1949,French
176,\N,9/18/1951,Swiss
177,\N,12/6/1948,Finnish
178,\N,11/2/1946,Australian
179,\N,10/8/1954,Dutch
180,\N,8/1/1961,Canadian
181,\N,10/6/1951,German
182,\N,2/22/1949,Austrian
183,\N,12/30/1956,French
184,\N,1/31/1954,Italian
185,\N,11/20/1957,German
186,\N,11/27/1957,British
187,\N,5/4/1946,British
188,\N,1/25/1956,Venezuelan
189,\N,1/24/1954,Austrian
190,\N,4/12/1961,Italian
191,\N,3/30/1961,New Zealander
192,\N,2/3/1957,Brazilian
193,\N,3/9/1950,American
194,\N,11/14/1954,Chilean
195,\N,11/16/1958,Colombian
196,\N,12/4/1957,Brazilian
197,\N,7/10/1946,French
198,\N,11/4/1953,Canadian
199,\N,4/12/1942,Argentine
200,\N,9/30/1946,German
201,\N,11/25/1946,Swedish
202,\N,3/26/1952,French
203,\N,1/18/1950,Canadian
204,\N,6/15/1958,Italian
205,\N,9/19/1946,British
206,\N,3/11/1953,Irish
207,\N,2/28/1940,American
208,\N,7/26/1946,Spanish
209,\N,5/1/1951,British
210,\N,5/6/1958,Irish
211,\N,2/26/1955,British
212,\N,2/5/1956,Mexican
213,\N,1/2/1957,Italian
214,\N,3/31/1956,American
215,\N,8/31/1953,Argentine
216,\N,10/10/1952,Italian
217,\N,4/13/1949,Argentine
218,\N,8/8/1949,Colombian
219,\N,10/1/1942,French
220,\N,11/8/1947,Italian
221,\N,8/9/1944,French
222,\N,1/29/1950,South African
223,\N,9/5/1939,Swiss
224,\N,12/12/1946,Brazilian
225,\N,1/15/1953,Irish
226,\N,2/19/1952,British
227,\N,10/29/1951,British
228,\N,11/26/1953,South African
229,\N,8/31/1948,Austrian
230,\N,11/11/1937,Italian
231,\N,8/29/1947,British
232,\N,3/11/1943,Italian
233,\N,1/1/1951,German
234,\N,1/18/1950,Italian
235,\N,1/1/1945,Belgian
236,\N,2/12/1952,French
237,\N,11/7/1948,Brazilian
238,\N,2/14/1944,Swedish
239,\N,11/14/1945,American
240,\N,5/21/1942,American
241,\N,5/24/1953,Italian
242,\N,8/13/1944,British
243,\N,7/11/1943,German
244,\N,2/23/1946,Italian
245,\N,1/24/1943,British
246,\N,6/12/1948,Austrian
247,\N,10/2/1949,Dutch
248,\N,1/1/1938,Italian
249,\N,1/10/1953,American
250,\N,10/6/1944,Brazilian
251,\N,8/22/1947,South African
252,\N,6/11/1949,British
253,\N,2/28/1953,Brazilian
254,\N,12/12/1946,Italian
255,\N,11/20/1948,Swedish
256,\N,3/18/1950,Australian
257,\N,5/3/1949,Dutch
258,\N,10/13/1949,Belgian
259,\N,1/26/1945,British
260,\N,12/28/1939,Swedish
261,\N,9/19/1952,Belgian
262,\N,8/14/1942,British
263,\N,5/17/1948,Finnish
264,\N,5/9/1947,British
265,\N,12/30/1942,British
266,\N,12/13/1945,Australian
267,\N,3/19/1943,Australian
268,\N,3/16/1943,German
269,\N,7/26/1942,Belgian
270,\N,10/26/1947,British
271,\N,4/1/1950,Swiss
272,\N,1/29/1940,Japanese
273,\N,7/1/1947,Japanese
274,\N,6/6/1951,Japanese
275,\N,3/26/1941,Italian
276,\N,6/11/1947,British
277,\N,3/18/1946,French
278,\N,7/20/1943,New Zealander
279,\N,5/27/1944,Spanish
280,\N,9/25/1942,French
281,\N,4/19/1944,Danish
282,\N,11/17/1945,British
283,\N,1/7/1946,British
284,\N,8/31/1942,Italian
285,\N,3/3/1947,Austrian
286,\N,12/24/1949,Australian
287,\N,11/13/1945,Japanese
288,\N,3/18/1937,American
289,\N,2/15/1929,British
290,\N,12/25/1943,Brazilian
291,\N,12/1/1948,South African
292,\N,9/12/1944,South African
293,\N,10/27/1936,South African
294,\N,3/28/1952,British
295,\N,12/12/1948,Dutch
296,\N,12/4/1944,French
297,\N,7/23/1947,Swedish
298,\N,3/16/1942,Dutch
299,\N,3/10/1946,Japanese
300,\N,10/6/1941,New Zealander
301,\N,8/7/1944,British
302,\N,2/13/1948,British
303,\N,5/31/1942,Swiss
304,\N,6/18/1936,New Zealander
305,\N,4/2/1940,British
306,\N,4/26/1937,French
307,\N,12/24/1941,New Zealander
308,\N,9/22/1944,British
309,\N,2/27/1939,American
310,\N,5/13/1934,South African
311,\N,8/27/1942,Danish
312,\N,3/9/1937,British
313,\N,10/14/1947,Liechtensteiner
314,\N,9/26/1943,Australian
315,\N,5/23/1940,French
316,\N,8/5/1943,Finnish
317,\N,9/30/1941,Swedish
318,\N,10/12/1943,Swedish
319,\N,4/26/1944,French
320,\N,2/21/1940,British
321,\N,10/31/1941,British
322,\N,6/9/1939,British
323,\N,5/30/1939,Austrian
324,\N,11/3/1948,Austrian
325,\N,6/26/1935,Italian
326,\N,5/28/1938,Canadian
327,\N,2/25/1944,French
328,\N,6/11/1939,British
329,\N,4/13/1940,British
330,\N,10/2/1940,Italian
331,\N,1/16/1937,Brazilian
332,\N,1/27/1934,American
333,\N,10/3/1941,Italian
334,\N,11/22/1934,South African
335,\N,2/2/1948,British
336,\N,3/5/1940,New Zealander
337,\N,4/27/1943,Austrian
338,\N,6/10/1941,Australian
339,\N,10/29/1932,Spanish
340,\N,12/7/1924,Rhodesian
341,\N,2/11/1934,British
342,\N,11/16/1936,American
343,\N,12/26/1935,Canadian
344,\N,5/26/1944,American
345,\N,1/18/1940,Mexican
346,\N,7/7/1936,Swiss
347,\N,1/31/1930,Swedish
348,\N,2/24/1943,French
349,\N,7/27/1943,French
350,\N,6/10/1935,British
351,\N,4/24/1941,Swiss
352,\N,11/12/1945,Canadian
353,\N,4/11/1926,American
354,\N,11/17/1939,British
355,\N,6/21/1933,Canadian
356,\N,4/2/1926,Australian
357,\N,6/14/1943,British
358,\N,4/18/1942,Austrian
359,\N,1/18/1942,French
360,\N,8/30/1937,New Zealander
361,\N,5/27/1942,British
362,\N,3/16/1935,South African
363,\N,8/30/1941,Italian
364,\N,4/13/1931,American
365,\N,3/28/1935,German
366,\N,4/26/1937,American
367,\N,5/26/1938,British
368,\N,8/24/1921,Rhodesian
369,\N,4/19/1939,South African
370,\N,4/4/1940,British
371,\N,10/15/1921,Canadian
372,\N,7/23/1935,Canadian
373,\N,3/4/1936,British
374,\N,12/30/1936,British
375,\N,10/18/1933,Italian
376,\N,11/10/1934,Belgian
377,\N,5/18/1928,French
378,\N,5/27/1942,British
379,\N,4/19/1940,German
380,\N,10/1/1930,Australian
381,\N,2/20/1934,American
382,\N,12/26/1935,Mexican
383,\N,5/19/1931,British
384,\N,1/16/1930,South African
385,\N,12/21/1935,Italian
386,\N,8/5/1930,American
387,\N,9/24/1931,British
388,\N,6/27/1942,British
389,\N,7/12/1930,French
390,\N,1/12/1938,British
391,\N,9/7/1936,British
392,\N,3/13/1943,American
393,\N,4/26/1943,American
394,\N,12/25/1934,Italian
395,\N,10/26/1942,British
396,\N,4/27/1933,American
397,\N,11/8/1933,British
398,\N,4/14/1931,British
399,\N,3/23/1933,British
400,\N,7/27/1933,British
401,\N,12/26/1936,British
402,\N,10/23/1937,Italian
403,\N,4/20/1927,American
404,\N,6/12/1930,British
405,\N,4/5/1936,American
406,\N,10/12/1937,Australian
407,\N,10/9/1937,British
408,\N,2/9/1937,South African
409,\N,11/30/1935,South African
410,\N,9/25/1938,South African
411,\N,12/9/1920,South African
412,\N,1/7/1939,South African
413,\N,7/4/1938,South African
414,\N,7/11/1941,Rhodesian
415,\N,4/30/1932,South African
416,\N,5/18/1931,South African
417,\N,11/30/1932,South African
418,\N,2/29/1932,American
419,\N,8/18/1927,British
420,\N,9/22/1921,British
421,\N,5/15/1943,British
422,\N,4/17/1934,British
423,\N,8/30/1935,German
424,\N,10/4/1927,Italian
425,\N,3/4/1933,Italian
426,\N,1/20/1934,Italian
427,\N,10/30/1917,French
428,\N,10/7/1930,French
429,\N,10/6/1918,Belgian
430,\N,4/10/1934,Dutch
431,\N,1/26/1917,German
432,\N,1/15/1934,Portuguese
433,\N,10/28/1919,American
434,\N,1/1/1928,American
435,\N,10/1/1928,Belgian
436,\N,1/21/1930,British
437,\N,7/6/1930,British
438,\N,7/10/1926,American
439,\N,11/18/1932,Argentine
440,\N,7/23/1935,American
441,\N,6/25/1932,British
442,\N,4/30/1910,German
443,\N,1/31/1934,Italian
444,\N,10/17/1926,Italian
445,\N,10/18/1937,German
446,\N,7/10/1932,Italian
447,\N,12/3/1932,Italian
448,\N,5/15/1926,Canadian
449,\N,1/10/1921,American
450,\N,7/1/1941,Dutch
451,\N,10/8/1920,American
452,\N,9/3/1945,American
842,10,2/7/1996,French
453,\N,11/1/1936,British
454,\N,2/14/1942,Mexican
455,\N,7/4/1926,German
456,\N,5/12/1922,British
457,\N,12/9/1936,Dutch
458,\N,6/13/1929,Dutch
459,\N,7/20/1931,British
460,\N,7/25/1936,British
461,\N,1/25/1930,Swiss
462,\N,7/29/1933,British
463,\N,12/29/1925,American
464,\N,2/2/1937,New Zealander
465,\N,1/5/1938,British
466,\N,7/28/1927,Swiss
467,\N,4/15/1923,Italian
468,\N,2/20/1937,American
469,\N,5/11/1926,British
470,\N,2/22/1938,American
471,\N,1/30/1937,South African
472,\N,5/25/1939,South African
473,\N,9/30/1937,Rhodesian
474,\N,6/1/1920,South African
475,\N,9/17/1929,British
476,\N,5/4/1928,German
477,\N,2/8/1932,British
478,\N,2/23/1928,German
479,\N,2/25/1932,British
480,\N,8/18/1934,Swiss
481,\N,12/16/1932,British
482,\N,1/12/1924,Belgian
483,\N,10/2/1921,Italian
484,\N,3/24/1923,British
485,\N,1/28/1934,Argentine
486,\N,3/15/1913,British
487,\N,7/28/1935,Italian
488,\N,6/7/1934,Swiss
489,\N,3/26/1933,Italian
490,\N,3/29/1923,British
491,\N,4/5/1920,American-Italian
492,\N,1/4/1930,Italian
493,\N,6/10/1940,Canadian
494,\N,1/12/1928,American
495,\N,11/1/1918,British
496,\N,8/10/1914,Argentine
497,\N,1/14/1934,Argentine
498,\N,10/5/1922,Argentine
499,\N,9/30/1919,Argentine
500,\N,4/2/1928,Italian
501,\N,6/29/1921,American
502,\N,8/29/1933,British
503,\N,6/4/1921,Venezuelan
504,\N,10/28/1924,Spanish
505,\N,12/2/1937,British
506,\N,5/18/1931,British
507,\N,11/29/1923,American
508,\N,2/24/1936,American
509,\N,7/16/1928,American
510,\N,10/2/1925,American
511,\N,6/2/1920,American
512,\N,4/9/1922,American
513,\N,2/10/1919,American
514,\N,11/1/1926,American
515,\N,4/4/1928,American
516,\N,4/4/1924,American
517,\N,1/19/1929,American
518,\N,5/5/1913,American
519,\N,8/31/1918,American
520,\N,1/28/1926,American
521,\N,10/15/1919,American
522,\N,9/4/1924,American
523,\N,8/12/1919,American
524,\N,12/5/1932,American
525,\N,1/28/1926,American
526,\N,3/11/1930,American
527,\N,5/28/1927,American
528,\N,3/25/1925,American
529,\N,9/12/1916,American
530,\N,12/9/1934,American
531,\N,1/16/1935,American
532,\N,11/19/1925,American
533,\N,8/19/1926,American
534,\N,6/15/1916,American
535,\N,7/4/1927,American
536,\N,8/9/1925,American
537,\N,1/6/1924,American
538,\N,3/15/1927,American
539,\N,3/11/1927,American
540,\N,4/24/1934,British
541,\N,6/16/1923,British
542,\N,12/2/1930,British
543,\N,2/19/1923,Italian
544,\N,8/8/1926,Italian
545,\N,3/17/1932,American
546,\N,3/23/1915,British
547,\N,9/20/1918,British
548,\N,12/14/1919,American
549,\N,6/6/1923,British
550,\N,2/5/1922,Belgian
551,\N,11/11/1926,Italian
552,\N,1/7/1923,French
553,\N,4/13/1926,Monegasque
554,\N,2/16/1921,French
555,\N,4/10/1914,American
556,\N,8/28/1924,American
557,\N,5/30/1926,American
558,\N,4/11/1920,American
559,\N,1/6/1926,American
560,\N,6/12/1927,American
561,\N,10/26/1915,American
562,\N,2/12/1920,American
563,\N,4/3/1923,American
564,\N,1/21/1923,American
565,\N,2/8/1920,American
566,\N,1/11/1923,American
567,\N,3/25/1938,Brazilian
568,\N,12/26/1922,Uruguayan
569,\N,10/16/1934,British
570,\N,9/4/1933,British
571,\N,6/12/1921,British
572,\N,6/13/1929,American
573,\N,7/10/1928,Argentine-Italian
574,\N,2/22/1918,American
575,\N,5/5/1932,American
576,\N,6/12/1916,American
577,\N,7/28/1924,Italian
578,\N,4/10/1929,British
579,\N,6/24/1911,Argentine
580,\N,3/21/1921,Spanish
581,\N,11/6/1931,British
582,\N,12/12/1923,Australian
583,\N,8/10/1928,Italian
584,\N,3/23/1936,American
585,\N,11/12/1916,British
586,\N,10/27/1913,Italian
587,\N,10/28/1930,British
588,\N,5/5/1932,Italian
589,\N,1899-08-03,Monegasque
590,\N,4/20/1930,British
591,\N,10/24/1924,American
592,\N,11/17/1929,American
593,\N,7/4/1918,American
594,\N,10/22/1917,American
595,\N,4/24/1933,American
596,\N,12/9/1926,American
597,\N,10/9/1928,American
598,\N,11/15/1932,American
599,\N,11/10/1926,American
600,\N,8/4/1928,Belgian
601,\N,4/16/1918,British
602,\N,2/26/1917,French
603,\N,5/6/1919,French
604,\N,4/26/1921,French
605,\N,6/24/1934,British
606,\N,10/11/1928,Spanish
607,\N,10/21/1932,Italian
608,\N,10/10/1930,Italian
609,\N,1/5/1920,French
610,\N,12/16/1920,British
611,\N,7/13/1914,American
612,\N,4/5/1922,American
613,\N,2/22/1921,American
614,\N,9/23/1930,American
615,\N,8/21/1913,American
616,\N,7/15/1928,American
617,\N,9/13/1932,British
618,\N,6/23/1927,American
619,\N,1/19/1914,British
620,\N,6/5/1928,Italian
621,\N,3/28/1929,Australian
622,\N,7/14/1907,Brazilian
623,\N,7/11/1924,Uruguayan
624,\N,12/7/1925,Brazilian
625,\N,2/28/1914,French
626,\N,4/12/1917,French
627,\N,11/5/1905,French
628,\N,5/20/1926,American
629,\N,2/6/1916,American
630,\N,4/10/1913,American
631,\N,6/15/1920,American
632,\N,1/30/1917,Belgian
633,\N,5/16/1909,Italian
634,\N,11/11/1909,Italian
635,\N,5/19/1928,British
636,\N,5/1/1928,British
637,\N,5/13/1927,British
638,\N,12/7/1917,Swiss
639,\N,12/9/1928,Belgian
640,\N,5/18/1914,Swiss
641,\N,10/12/1906,Italian
642,\N,10/30/1906,Italian
643,\N,12/3/1924,Argentine
644,\N,5/22/1929,Italian
645,\N,9/4/1920,Argentine
646,\N,2/22/1922,Argentine
647,\N,7/13/1918,Italian
648,\N,9/16/1910,German
649,\N,1/7/1924,Argentine
650,\N,7/2/1922,French
651,\N,9/2/1919,British
652,\N,11/1/1928,British
653,\N,8/8/1929,American
654,\N,2/16/1920,American
655,\N,4/29/1914,American
656,\N,1/24/1918,American
657,\N,12/13/1918,American
658,\N,10/8/1919,American
659,\N,1/29/1929,American
660,\N,8/11/1916,Belgian
661,\N,10/7/1912,British
662,\N,6/16/1930,French
663,\N,3/21/1916,British
664,\N,9/21/1920,British
665,\N,8/14/1922,British
666,\N,10/16/1918,British
667,\N,8/4/1917,American
668,\N,4/25/1917,French
669,\N,7/15/1914,Thai
670,\N,12/19/1923,Argentine
671,\N,8/5/1907,French
672,\N,6/5/1923,Argentine
673,\N,10/2/1921,American
674,\N,10/23/1926,American
675,\N,10/20/1921,American
676,\N,10/12/1918,American
677,\N,10/8/1910,American
678,\N,7/25/1911,American
679,\N,2/19/1921,American
680,\N,10/30/1926,American
681,\N,9/14/1918,Belgian
682,\N,7/26/1928,British
683,\N,6/23/1916,British
684,\N,4/1/1909,British
685,\N,1/17/1924,British
686,\N,7/2/1911,British
687,\N,11/12/1914,British
688,\N,7/18/1920,British
689,\N,11/20/1919,British
690,\N,6/26/1929,British
691,\N,4/6/1909,German
692,\N,5/13/1913,German
693,\N,7/10/1918,American
694,\N,3/10/1925,Italian
695,\N,8/17/1913,Argentine
696,\N,7/22/1929,British
697,\N,6/9/1903,Italian
698,\N,6/28/1923,Argentine
699,\N,3/2/1913,American
700,\N,7/3/1914,American
701,\N,12/18/1907,American
702,\N,10/4/1928,American
703,\N,1898-11-01,Belgian
704,\N,10/8/1904,French
705,\N,2/16/1920,British
706,\N,3/6/1931,British
707,\N,7/15/1929,British
708,\N,4/30/1920,British
709,\N,5/23/1903,East German
710,\N,3/30/1907,East German
711,\N,3/6/1917,German
712,\N,2/13/1922,German
713,\N,2/10/1923,East German
714,\N,11/5/1921,German
715,\N,12/21/1921,German
716,\N,7/17/1912,German
717,\N,12/27/1900,German
718,\N,7/4/1907,German
719,\N,2/28/1908,Swiss
720,\N,10/6/1918,Swiss
721,\N,3/30/1910,Swiss
722,\N,3/6/1921,Italian
723,\N,4/19/1912,Swiss
724,\N,1/25/1906,German
725,\N,3/21/1913,British
726,\N,8/16/1906,American
727,\N,6/6/1923,American
728,\N,5/23/1925,American
729,\N,3/6/1909,American
730,\N,6/22/1917,American
731,\N,6/14/1913,American
732,\N,1/29/1915,American
733,\N,7/19/1902,American
734,\N,8/26/1925,American
735,\N,6/7/1927,Belgian
736,\N,2/21/1913,Belgian
737,\N,4/11/1908,American
738,\N,2/3/1920,Australian
739,\N,6/23/1915,British
740,\N,7/24/1906,Italian
741,\N,1896-12-28,French
742,\N,8/19/1916,British
743,\N,11/4/1919,British
744,\N,12/5/1917,British
745,\N,4/15/1922,British
746,\N,7/22/1916,Brazilian
747,\N,12/28/1909,British
748,\N,10/4/1906,Uruguayan
749,\N,3/29/1900,British
750,\N,1899-10-15,German
751,\N,7/11/1922,German
752,\N,11/29/1915,German
753,\N,10/28/1919,German
754,\N,1/1/1909,French
755,\N,4/27/1902,Swiss
756,\N,6/20/1911,German
757,\N,9/16/1914,German
758,\N,8/23/1919,Dutch
759,\N,10/2/1919,Dutch
760,\N,1899-10-13,Italian
761,\N,1/16/1920,Argentine
762,\N,6/5/1908,Italian
763,\N,3/28/1911,Italian
764,\N,8/10/1910,French
765,\N,1/25/1910,French
766,\N,9/7/1910,American
767,\N,3/4/1911,American
768,\N,5/26/1906,American
769,\N,12/15/1927,American
770,\N,9/30/1919,American
771,\N,12/30/1911,American
772,\N,9/14/1915,American
773,\N,12/22/1905,French
774,\N,4/12/1907,French
775,\N,5/20/1921,French
776,\N,3/13/1913,Irish
777,\N,9/22/1907,British
778,\N,1/28/1915,British
779,\N,5/10/1914,British
780,\N,9/15/1916,Swiss
781,\N,8/21/1911,British
782,\N,11/23/1903,Spanish
783,\N,7/25/1905,French
784,\N,12/29/1917,British
785,\N,5/11/1921,British
786,\N,1898-06-09,Italian
787,\N,7/6/1906,British
788,\N,10/26/1915,British
789,\N,3/24/1915,French
790,\N,3/22/1912,British
791,\N,1898-08-18,Italian
792,\N,10/21/1912,Argentine
793,\N,8/31/1906,French
794,\N,4/14/1912,American
795,\N,6/17/1912,American
796,\N,12/15/1913,American
797,\N,9/4/1920,American
798,\N,2/14/1914,American
799,\N,7/25/1910,American
800,\N,10/11/1911,Italian
801,\N,8/27/1909,French
802,\N,7/22/1909,Italian
803,\N,1/31/1908,American
804,\N,9/18/1918,American
805,\N,2/10/1917,American
806,\N,11/10/1923,Uruguayan
807,27,8/19/1987,German
808,\N,9/8/1984,Russian
810,\N,8/11/1984,Brazilian
811,\N,10/15/1983,Brazilian
812,\N,1/19/1984,Indian
813,13,3/9/1985,Venezuelan
814,\N,4/16/1986,British
815,11,1/26/1990,Mexican
816,\N,12/27/1985,Belgian
817,3,7/1/1989,Australian
818,25,4/25/1990,French
819,\N,2/15/1990,French
820,4,4/21/1991,British
821,21,8/5/1991,Mexican
822,77,8/28/1989,Finnish
823,\N,4/25/1985,Dutch
824,17,8/3/1989,French
825,20,10/5/1992,Danish
826,26,4/26/1994,Russian
827,45,11/19/1981,German
828,9,9/2/1990,Swedish
829,28,6/28/1991,British
830,33,9/30/1997,Dutch
831,12,8/21/1992,Brazilian
832,55,9/1/1994,Spanish
833,98,3/22/1991,Spanish
834,53,9/25/1991,American
835,30,1/20/1991,British
836,94,10/18/1994,German
837,88,1/22/1993,Indonesian
838,2,3/26/1992,Belgian
839,31,9/17/1996,French
840,18,10/29/1998,Canadian
841,99,12/14/1993,Italian
843,28,11/10/1989,New Zealander
844,16,10/16/1997,Monegasque
845,35,8/27/1995,Russian
846,4,11/13/1999,British
847,63,2/15/1998,British
848,23,3/23/1996,Thai
849,6,6/29/1995,Canadian
850,51,6/25/1996,Brazilian
851,89,9/23/1995,British
852,22,5/11/2000,Japanese
853,9,3/2/1999,Russian
854,47,3/22/1999,German
855,24,5/30/1999,Chinese
856,45,2/6/1995,Dutch
